,RegistroID,Importado,Temporario,Removido,ImportadoRepetido,EstacaoCodigo,NivelConsistencia,PeriodoValidadeInicio,PeriodoValidadeFim,CotaMaxima,CotaMinima,TipoCurva,NumeroCurva,TipoEquacao,CoefA,CoefH0,CoefN,CoefA0,CoefA1,CoefA2,CoefA3,TabelaPassoCota,rowguid,DataIns,DataAlt,RespAlt
0,67349644.0,0,0,0,0,76750000,1,2022-01-01,2024-12-31,107.0,20.0,1,01/03,1,5.7602,-0.1,4.152,,,,,1.0,2c8a4b18-8646-444e-ab60-47dd8ebbd824,2020-05-15,,75
1,67349645.0,0,0,0,0,76750000,1,2022-01-01,2024-12-31,1268.0,107.0,1,02/03,1,18.8232,0.35,1.631,,,,,1.0,e9744e55-59c5-422c-8782-ed0baa99faff,2020-05-15,,75
2,67349646.0,0,0,0,0,76750000,1,2022-01-01,2024-12-31,1422.0,1268.0,1,03/03,1,5.4351,-0.1,2.095,,,,,1.0,4618c7c6-29c3-43c6-b9eb-b06e4ca29a52,2020-05-15,,75
3,80907070.0,0,0,0,0,76750000,2,2000-01-01,2021-12-31,1700.0,1091.0,1,04/04,1,21.3231,0.54,1.6,,,,,1.0,641cd516-74b3-4e06-a33b-4a249a2a5665,2024-04-03,,75
4,80907071.0,0,0,0,0,76750000,2,2000-01-01,2021-12-31,107.0,50.0,1,01/04,1,5.7602,-0.1,4.152,,,,,1.0,8d86314b-96c4-44e9-ab7d-d013da7d98a7,2024-04-03,,75
5,80907072.0,0,0,0,0,76750000,2,2000-01-01,2021-12-31,995.0,107.0,1,02/04,1,18.8232,0.35,1.631,,,,,1.0,caefdb89-fd0d-4314-bf75-56683c38ccbd,2024-04-03,,75
6,80907073.0,0,0,0,0,76750000,2,2000-01-01,2021-12-31,1091.0,995.0,1,03/04,1,0.1946,-5.75,3.0,,,,,1.0,192acac6-ccf1-4779-adf9-dd4559e09b97,2024-04-03,,75
7,80908021.0,0,0,0,0,76750000,2,1997-10-30,1999-12-31,82.0,50.0,1,01/03,1,16.9447,0.4,1.65,,,,,1.0,b78246cc-6262-49a5-9ae8-5e7fa81a093f,2024-04-03,,75
8,80908022.0,0,0,0,0,76750000,2,1997-10-30,1999-12-31,695.0,82.0,1,02/03,1,24.9907,0.52,1.512,,,,,1.0,d8a696cb-a123-4202-acd4-674ff2078d00,2024-04-03,,75
9,80908023.0,0,0,0,0,76750000,2,1997-10-30,1999-12-31,1400.0,695.0,1,03/03,1,21.3231,0.54,1.6,,,,,1.0,941d66a2-a2ba-42c9-a251-dec140d76d2f,2024-04-03,,75
10,80908081.0,0,0,0,0,76750000,2,1993-11-26,1997-10-29,489.0,50.0,1,01/03,1,15.34,0.16,1.9,,,,,1.0,64e12b8a-be24-47eb-96e5-676a6b3a40f5,2024-04-03,,75
11,80908082.0,0,0,0,0,76750000,2,1993-11-26,1997-10-29,859.0,489.0,1,02/03,1,0.1125,-8.88,3.0,,,,,1.0,3b61c31a-cb21-473e-9269-c3f06cbc4796,2024-04-03,,75
12,80908083.0,0,0,0,0,76750000,2,1993-11-26,1997-10-29,1250.0,859.0,1,03/03,1,21.3231,0.54,1.6,,,,,1.0,3e55bda2-9ac3-4cfc-b6b4-c823296dbaeb,2024-04-03,,75
13,80908199.0,0,0,0,0,76750000,2,1992-04-13,1993-11-25,790.0,64.0,1,02/04,1,20.7125,0.43,1.558,,,,,1.0,5aac712f-58b0-4b5e-b39a-4b2cd2136856,2024-04-03,,75
14,80908200.0,0,0,0,0,76750000,2,1992-04-13,1993-11-25,1093.0,790.0,1,03/04,1,0.231,-4.82,3.0,,,,,1.0,532b3c27-19e6-4f2b-b84f-8df325cda99d,2024-04-03,,75
15,80908201.0,0,0,0,0,76750000,2,1992-04-13,1993-11-25,1400.0,1093.0,1,04/04,1,21.3231,0.54,1.6,,,,,1.0,aeb407ed-92d7-4523-8a2a-3655545ae656,2024-04-03,,75
16,80908202.0,0,0,0,0,76750000,2,1992-04-13,1993-11-25,64.0,60.0,1,01/04,1,17.875,0.4,1.6,,,,,1.0,6bfd6d40-6895-4222-9e7e-72bf16d04e8f,2024-04-03,,75
17,80908239.0,0,0,0,0,76750000,2,1986-04-23,1992-04-12,82.0,50.0,1,01/03,1,16.9447,0.4,1.65,,,,,1.0,f2182c75-baf1-4bfb-a4c5-c379990d3212,2024-04-03,,75
18,80908240.0,0,0,0,0,76750000,2,1986-04-23,1992-04-12,695.0,82.0,1,02/03,1,24.9907,0.52,1.512,,,,,1.0,cfe8d070-b7fa-43dc-948a-d21d14eddfbe,2024-04-03,,75
19,80908241.0,0,0,0,0,76750000,2,1986-04-23,1992-04-12,1400.0,695.0,1,03/03,1,21.3231,0.54,1.6,,,,,1.0,58c10281-df6f-499c-bf6e-be78bceff15b,2024-04-03,,75
20,80908390.0,0,0,0,0,76750000,2,1982-10-24,1986-04-22,115.0,50.0,1,01/04,1,20.1129,0.36,2.093,,,,,1.0,298bfb07-9df1-4e1f-a92f-9e37f4470b9a,2024-04-03,,75
21,80908391.0,0,0,0,0,76750000,2,1982-10-24,1986-04-22,771.0,115.0,1,02/04,1,22.6868,0.48,1.537,,,,,1.0,8e73159b-0e2f-40e1-baf4-c9a3e42fcf56,2024-04-03,,75
22,80908392.0,0,0,0,0,76750000,2,1982-10-24,1986-04-22,1091.0,771.0,1,03/04,1,0.1946,-5.75,3.0,,,,,1.0,17253a23-42bf-4113-b87c-830a8bc80adf,2024-04-03,,75
23,80908393.0,0,0,0,0,76750000,2,1982-10-24,1986-04-22,1250.0,1091.0,1,04/04,1,21.3231,0.54,1.6,,,,,1.0,1129e8f1-fb8c-41c3-9cd7-98d1dc2d81c1,2024-04-03,,75
24,80908473.0,0,0,0,0,76750000,2,1980-04-30,1982-10-23,78.0,50.0,1,01/03,1,16.9447,0.4,1.65,,,,,1.0,e985af31-9751-4065-b5fe-7e3adaee0768,2024-04-03,,75
25,80908474.0,0,0,0,0,76750000,2,1980-04-30,1982-10-23,711.0,78.0,1,02/03,1,24.9907,0.51,1.512,,,,,1.0,eca2e277-0afd-46b6-811a-fbb3a68d8045,2024-04-03,,75
26,80908475.0,0,0,0,0,76750000,2,1980-04-30,1982-10-23,1150.0,711.0,1,03/03,1,21.3231,0.54,1.6,,,,,1.0,4d95623a-7c2b-4203-97e3-3d55ce4d51c2,2024-04-03,,75
27,80908531.0,0,0,0,0,76750000,2,1975-03-28,1980-04-29,1250.0,1093.0,1,04/04,1,21.3231,0.54,1.6,,,,,1.0,6157bdb9-014f-4829-85dd-49e5813743bf,2024-04-03,,75
28,80908532.0,0,0,0,0,76750000,2,1975-03-28,1980-04-29,722.0,60.0,1,01/04,1,18.1588,0.44,1.628,,,,,1.0,4fb166fd-11f4-4546-8de6-df6a4d1dd0f6,2024-04-03,,75
29,80908533.0,0,0,0,0,76750000,2,1975-03-28,1980-04-29,789.0,722.0,1,02/04,1,20.7125,0.43,1.558,,,,,1.0,f1613474-5d38-4729-a3b9-72bcb6993cdf,2024-04-03,,75
30,80908534.0,0,0,0,0,76750000,2,1975-03-28,1980-04-29,1093.0,789.0,1,03/04,1,0.231,-4.82,3.0,,,,,1.0,802cf446-4a20-47f8-8a2a-ad9ad79158d2,2024-04-03,,75
31,80908639.0,0,0,0,0,76750000,2,1971-01-11,1975-03-27,818.0,70.0,1,01/03,1,23.8575,0.64,1.397,,,,,1.0,99b43855-ce7f-4713-8f8c-5d5e4aea18d6,2024-04-03,,75
32,80908640.0,0,0,0,0,76750000,2,1971-01-11,1975-03-27,1274.0,818.0,1,02/03,1,0.3304,-2.49,3.0,,,,,1.0,c26f705f-d79b-4d7f-855c-aa65da4ed701,2024-04-03,,75
33,80908641.0,0,0,0,0,76750000,2,1971-01-11,1975-03-27,1350.0,1274.0,1,03/03,1,21.3231,0.54,1.6,,,,,1.0,6bb7367e-2ee9-4adc-affe-b901518d778a,2024-04-03,,75
34,80908751.0,0,0,0,0,76750000,2,1968-10-07,1971-01-10,164.0,70.0,1,01/04,1,23.8575,0.64,1.45,,,,,1.0,4e663705-be52-422f-90e6-61084d40a0db,2024-04-03,,75
35,80908752.0,0,0,0,0,76750000,2,1968-10-07,1971-01-10,290.0,164.0,1,02/04,1,23.8575,0.64,1.397,,,,,1.0,45842e7b-6ea0-4b22-8108-c6cc93cefc73,2024-04-03,,75
36,80908753.0,0,0,0,0,76750000,2,1968-10-07,1971-01-10,672.0,290.0,1,03/04,1,22.6832,0.64,1.459,,,,,1.0,5f7c29e9-6bd7-41c7-9293-d2a49559e993,2024-04-03,,75
37,80908754.0,0,0,0,0,76750000,2,1968-10-07,1971-01-10,1050.0,672.0,1,04/04,1,25.7678,1.93,1.6,,,,,1.0,7a571f93-3e4d-412c-953d-a11410c5537f,2024-04-03,,75
38,80908795.0,0,0,0,0,76750000,2,1965-09-21,1968-10-06,672.0,290.0,1,03/04,1,22.6832,0.64,1.459,,,,,1.0,3eff9325-9b0f-4589-b358-2e80f40cd551,2024-04-03,,75
39,80908796.0,0,0,0,0,76750000,2,1965-09-21,1968-10-06,1300.0,672.0,1,04/04,1,25.7678,1.93,1.6,,,,,1.0,9cca1c7a-153b-491b-9a58-b6109dbb7221,2024-04-03,,75
40,80908797.0,0,0,0,0,76750000,2,1965-09-21,1968-10-06,181.0,60.0,1,01/04,1,21.3798,0.57,1.53,,,,,1.0,a39f8b6d-e336-4254-a322-3c56ce6ef922,2024-04-03,,75
41,80908798.0,0,0,0,0,76750000,2,1965-09-21,1968-10-06,290.0,181.0,1,02/04,1,23.8575,0.64,1.397,,,,,1.0,70ead137-f74b-4337-abbb-4b94e55243b8,2024-04-03,,75
42,80908852.0,0,0,0,0,76750000,2,1958-05-30,1965-09-20,513.0,40.0,1,01/04,1,12.9591,0.34,1.729,,,,,1.0,91dac07d-960e-4e61-a6b8-28f08d8b8a18,2024-04-03,,75
43,80908853.0,0,0,0,0,76750000,2,1958-05-30,1965-09-20,818.0,513.0,1,02/04,1,23.8575,0.64,1.397,,,,,1.0,acd3afc9-aa41-433a-a489-f7e73075c363,2024-04-03,,75
44,80908854.0,0,0,0,0,76750000,2,1958-05-30,1965-09-20,1274.0,818.0,1,03/04,1,0.3304,-2.49,3.0,,,,,1.0,ccdd5365-a2f1-4935-b777-50c57aa5ae78,2024-04-03,,75
45,80908855.0,0,0,0,0,76750000,2,1958-05-30,1965-09-20,1450.0,1274.0,1,04/04,1,21.3231,0.54,1.6,,,,,1.0,cfe811d8-c9f0-46e2-8e95-11f9c982b3bb,2024-04-03,,75
46,80908920.0,0,0,0,0,76750000,2,1955-05-28,1958-05-29,358.0,70.0,1,01/04,1,19.5044,0.63,1.517,,,,,1.0,3ba795f3-ec61-4176-ab3a-b68bfbaa3498,2024-04-03,,75
47,80908921.0,0,0,0,0,76750000,2,1955-05-28,1958-05-29,818.0,358.0,1,02/04,1,2.1125,-1.9,2.271,,,,,1.0,52ec9db7-e590-492d-b321-e1ce15ab6c49,2024-04-03,,75
48,80908922.0,0,0,0,0,76750000,2,1955-05-28,1958-05-29,1274.0,818.0,1,03/04,1,0.3304,-2.49,3.0,,,,,1.0,58886a08-4c45-4ed4-bbf4-a0ff828f5ff7,2024-04-03,,75
49,80908923.0,0,0,0,0,76750000,2,1955-05-28,1958-05-29,1300.0,1274.0,1,04/04,1,21.3231,0.54,1.6,,,,,1.0,18910cee-893d-42bb-8abe-b29daa589cc8,2024-04-03,,75
50,80908953.0,0,0,0,0,76750000,2,1951-06-26,1955-05-27,97.0,70.0,1,01/03,1,11.3785,0.62,1.6,,,,,1.0,8d995068-e1b6-4040-b09b-240f0476912c,2024-04-03,,75
51,80908954.0,0,0,0,0,76750000,2,1951-06-26,1955-05-27,1001.0,97.0,1,02/03,1,17.1262,0.71,1.544,,,,,1.0,d3e4abdf-a18a-4763-9f86-4f83296847c2,2024-04-03,,75
52,80908955.0,0,0,0,0,76750000,2,1951-06-26,1955-05-27,1300.0,1001.0,1,03/03,1,38.6892,4.84,1.6,,,,,1.0,08f84056-acc4-44b4-b1fe-d9454410e531,2024-04-03,,75
53,80908991.0,0,0,0,0,76750000,2,1949-05-07,1951-06-25,363.0,80.0,1,01/04,1,19.5044,0.64,1.517,,,,,1.0,b7e65030-518e-4675-bb4a-dcb71bd1ed01,2024-04-03,,75
54,80908992.0,0,0,0,0,76750000,2,1949-05-07,1951-06-25,818.0,363.0,1,02/04,1,2.1125,-1.9,2.271,,,,,1.0,ded4cca9-6414-4835-becb-c4cbbdcd6b63,2024-04-03,,75
55,80908993.0,0,0,0,0,76750000,2,1949-05-07,1951-06-25,1274.0,818.0,1,03/04,1,0.3304,-2.49,3.0,,,,,1.0,cec1c926-9d11-44bd-8e7e-780a6467517c,2024-04-03,,75
56,80908994.0,0,0,0,0,76750000,2,1949-05-07,1951-06-25,1300.0,1274.0,1,04/04,1,21.3231,0.54,1.6,,,,,1.0,a5ac7f32-ebf2-47d7-8906-88acadc52497,2024-04-03,,75
57,80909008.0,0,0,0,0,76750000,2,1941-08-22,1949-05-06,1300.0,1274.0,1,04/04,1,21.3231,0.54,1.6,,,,,1.0,55111106-58fa-4ec4-84f9-992654443b6b,2024-04-03,,75
58,80909009.0,0,0,0,0,76750000,2,1941-08-22,1949-05-06,625.0,70.0,1,01/04,1,22.02,0.65,1.405,,,,,1.0,a0f806ad-aeb6-4ae1-a9d4-a58235bed2b1,2024-04-03,,75
59,80909010.0,0,0,0,0,76750000,2,1941-08-22,1949-05-06,818.0,625.0,1,02/04,1,2.1125,-1.9,2.271,,,,,1.0,2f3db4a2-7c56-4754-8be1-d6b1892b8deb,2024-04-03,,75
60,80909011.0,0,0,0,0,76750000,2,1941-08-22,1949-05-06,1274.0,818.0,1,03/04,1,0.3304,-2.49,3.0,,,,,1.0,bf83d890-a161-4e31-9c64-126de9a26dc9,2024-04-03,,75
61,80909040.0,0,0,0,0,76750000,2,1941-04-13,1941-08-21,819.0,483.0,1,02/04,1,26.0288,0.16,1.2,,,,,1.0,6517aebc-9710-490f-8cfa-94e0997ea6d4,2024-04-03,,75
62,80909041.0,0,0,0,0,76750000,2,1941-04-13,1941-08-21,1200.0,819.0,1,03/04,1,1.6,-0.87,2.4,,,,,1.0,e09858ce-46ac-4953-9e54-bab1cdb73334,2024-04-03,,75
63,80909042.0,0,0,0,0,76750000,2,1941-04-13,1941-08-21,1350.0,1200.0,1,04/04,1,0.8756,2.56,3.0,,,,,1.0,cb5ab0b6-150c-4614-a24d-8107f343d073,2024-04-03,,75
64,80909043.0,0,0,0,0,76750000,2,1941-04-13,1941-08-21,483.0,180.0,1,01/04,1,15.7711,0.45,1.592,,,,,1.0,2b59db94-8cdc-4262-afea-6be6f7ce7a03,2024-04-03,,75
65,80909044.0,0,0,0,0,76750000,2,1940-10-01,1941-04-12,336.0,110.0,1,01/04,1,14.2343,0.5,1.7,,,,,1.0,bea00223-e3eb-4ce6-840d-4ae1a7f1ff82,2024-04-03,,75
66,80909045.0,0,0,0,0,76750000,2,1940-10-01,1941-04-12,448.0,336.0,1,02/04,1,16.6996,0.51,1.553,,,,,1.0,ece79f26-6f9f-4f5e-bbec-0d8bc5e0edf9,2024-04-03,,75
67,80909046.0,0,0,0,0,76750000,2,1940-10-01,1941-04-12,818.0,448.0,1,03/04,1,2.1125,-1.9,2.271,,,,,1.0,385556aa-2741-4e52-83c4-d6a83d4951ec,2024-04-03,,75
68,80909047.0,0,0,0,0,76750000,2,1940-10-01,1941-04-12,1000.0,818.0,1,04/04,1,0.3304,-2.49,3.0,,,,,1.0,015d7ac8-7e03-41e5-a823-b6e75bdfa7b1,2024-04-03,,75
