Bacia;Estacao;Codigo;Cota;Vazao;Qdia;Data;Latitude;Longitude;Telemetrica
Taquari;Santa Tereza;86472600;2232;;;2024-05-02;-29.1781;-51.7322;True
Taquari;Muçum;86510000;2557;13242.0;12349;2024-05-02;-29.1672;-51.8686;True
Taquari;Estrela;86879300;3335;22951.0;;2024-05-02;-29.4733;-51.9622;True
Taquari;Bom Retiro do Sul;86882000;2174;;;2024-05-02;-29.6164;-51.9383;False
Jacuí;Dona Francisca;85400000;1113;3823.0;3372;2024-04-30;-29.6269;-53.3528;True
Jacuí;Rio Pardo;85900000;2004;13547.0;13367.0;2024-05-05;-29.995;-52.3756;True
Caí;Feliz;87165000;1401;;;2024-05-02;-29.455;-51.3061;False
Caí;Barra do Caí;87170000;1760;1855;1782;2024-05-02;-29.59;-51.3833;True
Caí;Costa do rio Cadeia;87230000;1208;325.0;;2024-05-01;-29.5906;-51.3136;True
Uruguai;Santo Angelo;75230000;763;2885.0;2820;2024-05-05;-28.3553;-54.2675;True
Uruguai;Iraí;74100000;1267;26151.0;22137.0;2024-05-03;-27.1756;-53.2297;True
Uruguai;Itapiranga;74329000;1186;25710.0;;2024-05-03;-27.1717;-53.7097;True
Uruguai;Porto Maua;74720000;1500;;;2024-05-04;-27.5781;-54.6831;True
Uruguai;Porto Lucena;74800000;1153;39876.0;38509.0;2024-05-05;-27.8525;-55.0256;True
Uruguai;Garruchos;75550000;1746;26339.0;26144;2024-05-06;-28.1822;-55.6433;True
Uruguai;Manoel Viana;76560000;1482;8028.0;7968.0;2024-05-06;-29.5958;-55.4814;True
Uruguai;Alegrete;76750000;1280;1153.0;1148.0;2024-05-03;-29.7683;-55.7875;True
