,Bacia,Estacao,Codigo,Cota,Vazao,Data,Latitude,Longitude,Telemetrica
0,Taquari,Santa Tereza,86472600,2232,,2024-02-05,-29.1781,-51.7322,True
1,Taquari,Muçum,86510000,2557,13242.0,2024-02-05,-29.1672,-51.8686,True
2,Taquari,Estrela,86879300,3335,22951.0,2024-02-05,-29.4733,-51.9622,True
3,Taquari,Bom Retiro do Sul,86882000,2174,,2024-02-05,-29.6164,-51.9383,False
4,Jacuí,Dona Francisca,85400000,1113,3823.0,2024-04-30,-29.6269,-53.3528,True
5,Jacuí,Rio Pardo,85900000,2004,13547.0,2024-05-05,-29.995,-52.3756,True
6,Caí,Feliz,87165000,1401,,2024-02-05,-29.455,-51.3061,False
7,Caí,Barra do Caí,87170000,1760,,2024-02-05,-29.59,-51.3833,True
8,Caí,Costa do rio Cadeia,87230000,1208,325.0,2024-01-05,-29.5906,-51.3136,True
9,Uruguai,Santo Angelo,75230000,763,2885.0,2024-05-05,-28.3553,-54.2675,True
10,Uruguai,Iraí,74100000,1267,26050.0,2024-03-05,-27.1756,-53.2297,True
11,Uruguai,Itapiranga,74329000,1186,25710.0,2024-03-05,-27.1717,-53.7097,True
12,Uruguai,Porto Maua,74720000,1500,,2024-04-05,-27.5781,-54.6831,True
13,Uruguai,Porto Lucena,74800000,1153,39771.0,2024-05-05,-27.8525,-55.0256,True
14,Uruguai,Garruchos,75550000,1746,26375.0,2024-06-05,-28.1822,-55.6433,True
15,Uruguai,Manoel Viana,76560000,1482,8028.0,2024-06-05,-29.5958,-55.4814,True
16,Uruguai,Alegrete,76750000,1280,1153.0,2024-03-05,-29.7683,-55.7875,True
