Bacia,Estacao,Codigo,Cota,Vazao,Data
Taquari,Santa Tereza,86472600,2232,,2024-02-05
Taquari,Muçum,86510000,2557,13242,2024-02-05
Taquari,Estrela,86879300,3335,22951,2024-02-05
Taquari,Bom Retiro do Sul,86882000,2174,,2024-02-05
Jacuí,Dona Francisca,85400000,1113,3823,2024-04-30
Jacuí,Rio Pardo,85900000,2004,13547,2024-05-05
Caí,Feliz,87165000,1401,,2024-02-05
Caí,Barra do Caí,87170000,1760,1855,2024-02-05
Caí,Costa do rio Cadeia,87230000,1208,325,2024-01-05
Uruguai,Santo Angelo,75230000,763,2885,2024-05-05
Uruguai,Iraí,74100000,1267,26050,2024-03-05
Uruguai,Itapiranga,74329000,1186,25710,2024-03-05
Uruguai,Porto Maua,74720000,1500,27665,2024-04-05
Uruguai,Porto Lucena,74800000,1153,39771,2024-05-05
Uruguai,Garruchos,75550000,1746,26375,2024-06-05
Uruguai,Manoel Viana,76560000,1482,8028,2024-06-05
Uruguai,Alegrete,76750000,1280,1153,2024-03-05
