,Ano Hidro,Vazao,Data,TR Empirico,TR lognorm,TR gumbel_r
0,1941/1942,9185.0,1941-05-07,79.0,409.5,102.8
1,2015/2016,7423.3,2015-10-17,39.5,49.5,26.5
2,2023/2024,6473.2,2023-09-18,26.3,17.7,12.9
3,1984/1985,6164.0,1984-05-27,19.8,13.0,10.3
4,1953/1954,6013.9,1953-10-07,15.8,11.2,9.2
5,2009/2010,5872.9,2009-11-26,13.2,9.8,8.3
6,1942/1943,5840.0,1942-05-24,11.3,9.5,8.1
7,1960/1961,5671.7,1960-09-24,9.9,8.1,7.2
8,1965/1966,5641.1,1965-09-16,8.8,7.9,7.0
9,2002/2003,5488.8,2002-10-14,7.9,6.9,6.3
10,1940/1941,5480.4,1940-05-31,7.2,6.8,6.3
11,1997/1998,5398.4,1997-10-20,6.6,6.3,5.9
12,1966/1967,5264.0,1966-07-28,6.1,5.7,5.4
13,1967/1968,5264.0,1967-09-24,5.6,5.7,5.4
14,1982/1983,5158.0,1982-10-29,5.3,5.2,5.0
15,1992/1993,5149.4,1992-04-19,4.9,5.1,5.0
16,2016/2017,5145.5,2016-01-01,4.6,5.1,5.0
17,1954/1955,5109.1,1954-07-26,4.4,5.0,4.8
18,1972/1973,5106.6,1972-09-25,4.2,5.0,4.8
19,1983/1984,5055.5,1983-07-14,4.0,4.8,4.7
20,1973/1974,5013.1,1973-07-26,3.8,4.6,4.5
21,2010/2011,4912.9,2010-01-11,3.6,4.2,4.2
22,1988/1989,4912.1,1988-09-29,3.4,4.2,4.2
23,2013/2014,4798.3,2013-11-16,3.3,3.9,3.9
24,2019/2020,4792.1,2019-11-07,3.2,3.9,3.9
25,1998/1999,4593.6,1998-01-01,3.0,3.3,3.4
26,2017/2018,4572.8,2017-06-04,2.9,3.3,3.4
27,1994/1995,4537.9,1994-10-24,2.8,3.2,3.3
28,2007/2008,4537.9,2007-09-29,2.7,3.2,3.3
29,1990/1991,4414.5,1990-10-17,2.6,2.9,3.0
30,1987/1988,4414.5,1987-08-05,2.5,2.9,3.0
31,1986/1987,4304.0,1986-11-10,2.5,2.7,2.8
32,1979/1980,4241.5,1979-10-12,2.4,2.6,2.7
33,1985/1986,4179.5,1985-08-14,2.3,2.5,2.6
34,2003/2004,4176.1,2003-12-21,2.3,2.5,2.6
35,2001/2002,4162.7,2001-10-06,2.2,2.5,2.6
36,2014/2015,4096.0,2014-07-05,2.1,2.4,2.5
37,1977/1978,3966.0,1977-08-05,2.1,2.2,2.3
38,1995/1996,3802.0,1995-08-07,2.0,2.0,2.1
39,1993/1994,3772.7,1993-06-09,2.0,2.0,2.1
40,2005/2006,3680.8,2005-10-11,1.9,1.9,2.0
41,2008/2009,3624.0,2008-11-02,1.9,1.8,1.9
42,1971/1972,3617.7,1971-07-02,1.8,1.8,1.9
43,1970/1971,3580.1,1970-07-12,1.8,1.8,1.9
44,2021/2022,3562.2,2021-09-16,1.8,1.8,1.9
45,2018/2019,3543.5,2018-09-06,1.7,1.8,1.8
46,2000/2001,3542.6,2000-09-26,1.7,1.8,1.8
47,1975/1976,3534.4,1975-09-18,1.6,1.7,1.8
48,1989/1990,3470.7,1989-10-01,1.6,1.7,1.8
49,2011/2012,3345.8,2011-08-15,1.6,1.6,1.7
50,1944/1945,3310.7,1944-06-30,1.5,1.6,1.6
51,2022/2023,3292.2,2022-07-21,1.5,1.6,1.6
52,1952/1953,3165.9,1952-07-03,1.5,1.5,1.5
53,1946/1947,3141.0,1946-10-20,1.5,1.5,1.5
54,1945/1946,3101.0,1945-08-07,1.4,1.4,1.5
55,1999/2000,3077.6,1999-10-20,1.4,1.4,1.5
56,2012/2013,3013.6,2012-09-23,1.4,1.4,1.4
57,2020/2021,2799.9,2020-07-12,1.4,1.3,1.3
58,1969/1970,2752.2,1969-02-23,1.3,1.3,1.3
59,1976/1977,2708.4,1976-08-13,1.3,1.3,1.3
60,1996/1997,2592.9,1996-01-31,1.3,1.2,1.2
61,1964/1965,2416.8,1964-09-06,1.3,1.2,1.2
62,1947/1948,2377.1,1947-05-24,1.3,1.2,1.2
63,1943/1944,2348.1,1943-07-08,1.2,1.2,1.2
64,1974/1975,2348.1,1974-08-10,1.2,1.2,1.2
65,1981/1982,2309.6,1981-09-19,1.2,1.1,1.1
66,1951/1952,2271.7,1951-11-28,1.2,1.1,1.1
67,1948/1949,2194.1,1948-06-19,1.2,1.1,1.1
68,1949/1950,2185.6,1949-10-10,1.1,1.1,1.1
69,1950/1951,2160.3,1950-10-24,1.1,1.1,1.1
70,2006/2007,2132.9,2006-09-19,1.1,1.1,1.1
71,1991/1992,2130.8,1991-08-04,1.1,1.1,1.1
72,1968/1969,1898.1,1968-11-12,1.1,1.1,1.1
73,1978/1979,1827.7,1978-11-25,1.1,1.1,1.1
74,1980/1981,1823.7,1980-08-02,1.1,1.1,1.1
75,2004/2005,1625.2,2004-09-25,1.0,1.0,1.0
76,2024/2025,1356.8,2024-01-21,1.0,1.0,1.0
77,1939/1940,1064.1,1939-12-20,1.0,1.0,1.0
