,Ano Hidro,Vazao,Data,NivelConsistencia,EstacaoCodigo,TR gumbel_r,TR lognorm
24,1983/1984,10988.75,1983-07-07,2,86895000,17.89,128.26
45,2011/2012,8847.84,2011-07-21,2,86895000,6.66,11.47
39,2005/2006,8847.84,2005-10-17,2,86895000,6.66,11.47
42,2008/2009,8579.89,2008-10-27,2,86895000,5.91,9.07
41,2007/2008,8324.97,2007-07-11,2,86895000,5.28,7.35
31,1990/1991,8169.62,1990-06-01,2,86895000,4.94,6.5
30,1989/1990,8128.62,1989-09-13,2,86895000,4.85,6.3
43,2009/2010,8053.87,2009-09-13,2,86895000,4.7,5.96
33,1992/1993,7977.07,1992-05-29,2,86895000,4.54,5.63
47,2013/2014,7967.49,2013-08-26,2,86895000,4.52,5.59
29,1988/1989,7902.45,1988-09-14,2,86895000,4.4,5.33
8,1967/1968,7824.81,1967-09-20,2,86895000,4.26,5.05
6,1965/1966,7697.61,1965-08-21,2,86895000,4.04,4.62
44,2010/2011,7682.24,2010-01-05,2,86895000,4.01,4.58
36,2002/2003,7382.55,2002-06-13,2,86895000,3.54,3.77
23,1982/1983,7343.38,1982-06-29,2,86895000,3.48,3.68
18,1977/1978,6951.09,1977-08-18,2,86895000,2.98,2.94
25,1984/1985,6851.54,1984-08-07,2,86895000,2.86,2.79
2,1961/1962,6796.47,1961-09-30,2,86895000,2.8,2.71
14,1973/1974,6567.01,1973-09-19,2,86895000,2.57,2.42
46,2012/2013,6538.74,2012-09-20,2,86895000,2.54,2.39
13,1972/1973,6512.82,1972-08-28,2,86895000,2.52,2.36
37,2003/2004,6503.37,2003-02-21,2,86895000,2.51,2.35
7,1966/1967,6458.8,1966-08-06,2,86895000,2.47,2.3
48,2014/2015,6450.45,2014-10-20,2,86895000,2.46,2.29
34,1993/1994,6353.88,1993-07-06,2,86895000,2.37,2.2
28,1987/1988,6265.75,1987-07-30,2,86895000,2.3,2.11
21,1980/1981,6117.13,1980-08-23,2,86895000,2.18,1.99
4,1963/1964,6106.57,1963-10-12,2,86895000,2.17,1.98
26,1985/1986,5990.82,1985-09-17,2,86895000,2.09,1.89
40,2006/2007,5922.24,2006-07-27,2,86895000,2.04,1.85
1,1960/1961,5855.12,1960-09-01,2,86895000,1.99,1.8
17,1976/1977,5792.89,1976-08-10,2,86895000,1.95,1.76
27,1986/1987,5679.45,1986-11-07,2,86895000,1.88,1.7
12,1971/1972,5526.13,1971-03-16,2,86895000,1.79,1.61
15,1974/1975,5214.34,1974-06-10,2,86895000,1.63,1.48
32,1991/1992,4983.89,1991-12-27,2,86895000,1.53,1.39
16,1975/1976,4812.6,1975-08-11,2,86895000,1.46,1.34
35,1994/1995,4326.74,1994-07-08,2,86895000,1.3,1.22
20,1979/1980,4028.3,1979-10-08,2,86895000,1.23,1.17
10,1969/1970,3796.37,1969-09-09,2,86895000,1.18,1.14
11,1970/1971,3569.69,1970-07-08,2,86895000,1.14,1.11
22,1981/1982,3475.39,1981-09-25,2,86895000,1.12,1.1
0,1959/1960,3432.84,1959-09-27,2,86895000,1.12,1.09
5,1964/1965,3231.39,1964-09-03,2,86895000,1.09,1.08
38,2004/2005,2930.53,2004-01-01,2,86895000,1.06,1.06
19,1978/1979,2586.24,1978-07-23,2,86895000,1.03,1.04
9,1968/1969,2202.32,1968-11-08,2,86895000,1.02,1.02
3,1962/1963,1256.88,1962-09-20,2,86895000,1.0,1.01
